{
	"credit": "End_Rage waz here",
	"parent": "block/block",
	"render_type": "cutout_mipped",
	"textures": {
		"particle": "#main"
	},
	"elements": [
		{
			"name": "Controller",
			"from": [2, 0, 2],
			"to": [14, 3, 14],
			"faces": {
				"north": {"uv": [6, 7, 7.5, 13], "rotation": 90, "texture": "#main"},
				"east": {"uv": [0, 13, 6, 14.5], "texture": "#main"},
				"south": {"uv": [6, 7, 7.5, 13], "rotation": 90, "texture": "#main"},
				"west": {"uv": [0, 13, 6, 14.5], "texture": "#main"},
				"up": {"uv": [0, 7, 6, 13], "rotation": 270, "texture": "#main"},
				"down": {"uv": [5, 0, 11, 6], "rotation": 90, "texture": "#main"}
			}
		},
		{
			"name": "AntennaTop",
			"from": [1, 9, 4],
			"to": [2, 10, 5],
			"faces": {
				"up": {"uv": [1, 1, 2, 2], "texture": "#antenna"}
			}
		},
		{
			"name": "AntennaZ",
			"from": [1, 1, 3],
			"to": [2, 11, 6],
			"faces": {
				"east": {"uv": [0, 0, 3, 10], "texture": "#antenna"},
				"west": {"uv": [0, 0, 3, 10], "texture": "#antenna"}
			}
		},
		{
			"name": "AntennaX",
			"from": [0, 1, 4],
			"to": [3, 11, 5],
			"faces": {
				"north": {"uv": [0, 0, 3, 10], "texture": "#antenna"},
				"south": {"uv": [0, 0, 3, 10], "texture": "#antenna"},
				"down": {"uv": [0, 9, 3, 10], "texture": "#antenna"}
			}
		}
	],
	"display": {
		"thirdperson_righthand": {
			"rotation": [75, 45, 0],
			"translation": [0, 2.5, 0],
			"scale": [0.375, 0.375, 0.375]
		},
		"thirdperson_lefthand": {
			"rotation": [75, 45, 0],
			"translation": [0, 2.5, 0],
			"scale": [0.375, 0.375, 0.375]
		},
		"firstperson_righthand": {
			"rotation": [0, 45, 0],
			"scale": [0.4, 0.4, 0.4]
		},
		"firstperson_lefthand": {
			"rotation": [0, 225, 0],
			"scale": [0.4, 0.4, 0.4]
		},
		"ground": {
			"translation": [0, 3, 0],
			"scale": [0.25, 0.25, 0.25]
		},
		"gui": {
			"rotation": [30, 225, 0],
			"translation": [0, 2.5, 0],
			"scale": [0.625, 0.625, 0.625]
		},
		"fixed": {
			"scale": [0.5, 0.5, 0.5]
		}
	},
	"groups": [
		{
			"name": "group",
			"origin": [0, 0, 0],
			"color": 0,
			"children": [0, 1, 2, 3]
		}
	]
}