{
	"credit": "End_Rage waz here",
	"parent": "block/block",
	"render_type": "cutout_mipped",
	"textures": {
		"particle": "#main"
	},
	"elements": [
		{
			"name": "Body",
			"from": [3, 1, -1],
			"to": [13, 15, 3],
			"rotation": {"angle": 0, "axis": "y", "origin": [8, 8, 8]},
			"faces": {
				"north": {"uv": [0, 0, 5, 7], "rotation": 180, "texture": "#main"},
				"east": {"uv": [12.5, 6, 14.5, 13], "texture": "#main"},
				"south": {"uv": [7.5, 6, 12.5, 13], "texture": "#main"},
				"west": {"uv": [12.5, 6, 14.5, 13], "rotation": 180, "texture": "#main"},
				"up": {"uv": [7.5, 13, 12.5, 15], "rotation": 180, "texture": "#main"},
				"down": {"uv": [7.5, 13, 12.5, 15], "texture": "#main"}
			}
		},
		{
			"name": "AntennaX",
			"from": [3, 11, 3],
			"to": [6, 21, 4],
			"rotation": {"angle": 0, "axis": "y", "origin": [8, 8, 8]},
			"faces": {
				"north": {"uv": [0, 0, 3, 10], "texture": "#antenna"},
				"south": {"uv": [0, 0, 3, 10], "texture": "#antenna"},
				"down": {"uv": [0, 9, 3, 10], "texture": "#antenna"}
			}
		},
		{
			"name": "AntennaZ",
			"from": [4, 11, 2],
			"to": [5, 21, 5],
			"rotation": {"angle": 0, "axis": "y", "origin": [8, 8, 8]},
			"faces": {
				"east": {"uv": [0, 0, 3, 10], "texture": "#antenna"},
				"west": {"uv": [0, 0, 3, 10], "texture": "#antenna"}
			}
		},
		{
			"name": "AntennaTop",
			"from": [4, 19, 3],
			"to": [5, 20, 4],
			"rotation": {"angle": 0, "axis": "y", "origin": [8, 8, 8]},
			"faces": {
				"up": {"uv": [1, 1, 2, 2], "rotation": 180, "texture": "#antenna"}
			}
		}
	],
	"display": {
		"thirdperson_righthand": {
			"rotation": [75, 180, 0],
			"translation": [0, 2.5, 0],
			"scale": [0.375, 0.375, 0.375]
		},
		"firstperson_righthand": {
			"rotation": [0, 45, 0],
			"scale": [0.4, 0.4, 0.4]
		},
		"firstperson_lefthand": {
			"rotation": [0, 45, 0],
			"scale": [0.4, 0.4, 0.4]
		},
		"ground": {
			"translation": [0, 3, 0],
			"scale": [0.25, 0.25, 0.25]
		},
		"gui": {
			"rotation": [30, 45, 0],
			"translation": [3.2, -2, 0],
			"scale": [0.75, 0.75, 0.75]
		},
		"fixed": {
			"scale": [0.5, 0.5, 0.5]
		}
	},
	"groups": [
		{
			"name": "group",
			"origin": [0, 0, 0],
			"color": 0,
			"children": [0, 1, 2, 3]
		}
	]
}